Wavelength (nm)	Quantum Efficiency (%)
200.000000	0.209790
200.531915	0.212308
201.063830	0.215664
201.595745	0.217343
202.127660	0.219860
202.659574	0.222378
203.191489	0.224895
203.723404	0.227413
204.255319	0.230769
204.787234	0.233287
205.319149	0.235804
205.851064	0.239161
206.382979	0.242517
206.914894	0.245874
207.446809	0.249231
207.978723	0.253427
208.510638	0.256783
209.042553	0.260140
209.574468	0.262657
210.106383	0.266014
210.638298	0.268531
211.170213	0.271049
211.702128	0.273566
212.234043	0.275245
212.765957	0.276923
213.297872	0.278601
213.829787	0.280280
214.361702	0.281958
214.893617	0.283636
215.425532	0.284476
215.957447	0.286154
216.489362	0.286993
217.021277	0.287832
217.553191	0.289510
218.085106	0.289510
218.617021	0.290350
219.148936	0.291189
219.680851	0.292028
220.212766	0.292867
220.744681	0.292867
221.276596	0.293706
221.808511	0.294545
222.340426	0.294545
222.872340	0.295385
223.404255	0.295385
223.936170	0.295385
224.468085	0.296224
225.000000	0.296224
225.531915	0.296224
226.063830	0.296224
226.595745	0.296224
227.127660	0.297063
227.659574	0.297063
228.191489	0.297063
228.723404	0.297063
229.255319	0.297063
229.787234	0.297063
230.319149	0.297063
230.851064	0.297063
231.382979	0.297063
231.914894	0.296224
232.446809	0.296224
232.978723	0.296224
233.510638	0.296224
234.042553	0.296224
234.574468	0.296224
235.106383	0.295385
235.638298	0.295385
236.170213	0.295385
236.702128	0.295385
237.234043	0.295385
237.765957	0.294545
238.297872	0.294545
238.829787	0.293706
239.361702	0.293706
239.893617	0.292867
240.425532	0.292028
240.957447	0.292028
241.489362	0.291189
242.021277	0.290350
242.553191	0.289510
243.085106	0.287832
243.617021	0.286154
244.148936	0.284476
244.680851	0.282797
245.212766	0.281119
245.744681	0.281119
246.276596	0.281119
246.808511	0.281958
247.340426	0.282797
247.872340	0.283636
248.404255	0.284476
248.936170	0.286154
249.468085	0.286993
250.000000	0.288671
250.531915	0.289510
251.063830	0.291189
251.595745	0.292028
252.127660	0.292867
252.659574	0.292867
253.191489	0.293706
253.723404	0.293706
254.255319	0.293706
254.787234	0.293706
255.319149	0.294545
255.851064	0.295385
256.382979	0.297063
256.914894	0.299580
257.446809	0.302098
257.978723	0.304615
258.510638	0.306294
259.042553	0.309650
259.574468	0.311329
260.106383	0.313846
260.638298	0.316364
261.170213	0.318881
261.702128	0.321399
262.234043	0.323077
262.765957	0.326434
263.297872	0.328112
263.829787	0.330629
264.361702	0.333147
264.893617	0.335664
265.425532	0.338182
265.957447	0.339860
266.489362	0.342378
267.021277	0.344895
267.553191	0.347413
268.085106	0.349091
268.617021	0.352448
269.148936	0.354126
269.680851	0.356643
270.212766	0.360839
270.744681	0.361678
271.276596	0.363357
271.808511	0.365874
272.340426	0.368392
272.872340	0.370070
273.404255	0.372587
273.936170	0.374266
274.468085	0.376783
275.000000	0.379301
275.531915	0.380979
276.063830	0.383497
276.595745	0.386014
277.127660	0.387692
277.659574	0.389371
278.191489	0.391888
278.723404	0.393566
279.255319	0.395245
279.787234	0.396923
280.319149	0.399441
280.851064	0.401119
281.382979	0.402797
281.914894	0.404476
282.446809	0.406993
282.978723	0.407832
283.510638	0.408671
284.042553	0.410350
284.574468	0.411189
285.106383	0.412028
285.638298	0.412867
286.170213	0.413706
286.702128	0.413706
287.234043	0.414545
287.765957	0.415385
288.297872	0.416224
288.829787	0.416224
289.361702	0.416224
289.893617	0.417063
290.425532	0.417063
290.957447	0.417902
291.489362	0.417902
292.021277	0.417902
292.553191	0.418741
293.085106	0.418741
293.617021	0.418741
294.148936	0.419580
294.680851	0.419580
295.212766	0.419580
295.744681	0.419580
296.276596	0.419580
296.808511	0.418741
297.340426	0.418741
297.872340	0.417902
298.404255	0.417902
298.936170	0.417063
299.468085	0.417063
300.000000	0.416224
300.531915	0.416224
301.063830	0.416224
301.595745	0.416224
302.127660	0.416224
302.659574	0.416224
303.191489	0.415385
303.723404	0.415385
304.255319	0.415385
304.787234	0.415385
305.319149	0.415385
305.851064	0.415385
306.382979	0.415385
306.914894	0.415385
307.446809	0.416224
307.978723	0.416224
308.510638	0.416224
309.042553	0.416224
309.574468	0.416224
310.106383	0.416224
310.638298	0.416224
311.170213	0.416224
311.702128	0.416224
312.234043	0.416224
312.765957	0.416224
313.297872	0.417063
313.829787	0.417063
314.361702	0.417063
314.893617	0.417063
315.425532	0.417063
315.957447	0.417063
316.489362	0.417902
317.021277	0.417902
317.553191	0.417902
318.085106	0.417902
318.617021	0.417902
319.148936	0.417902
319.680851	0.418741
320.212766	0.418741
320.744681	0.418741
321.276596	0.418741
321.808511	0.418741
322.340426	0.418741
322.872340	0.418741
323.404255	0.419580
323.936170	0.419580
324.468085	0.419580
325.000000	0.419580
325.531915	0.419580
326.063830	0.419580
326.595745	0.419580
327.127660	0.419580
327.659574	0.419580
328.191489	0.419580
328.723404	0.419580
329.255319	0.418741
329.787234	0.418741
330.319149	0.417902
330.851064	0.417902
331.382979	0.417063
331.914894	0.416224
332.446809	0.415385
332.978723	0.414545
333.510638	0.413706
334.042553	0.412867
334.574468	0.412028
335.106383	0.411189
335.638298	0.409510
336.170213	0.408671
336.702128	0.407832
337.234043	0.406993
337.765957	0.406154
338.297872	0.405315
338.829787	0.404476
339.361702	0.403636
339.893617	0.402797
340.425532	0.401119
340.957447	0.400280
341.489362	0.398601
342.021277	0.397762
342.553191	0.396923
343.085106	0.395245
343.617021	0.394406
344.148936	0.393566
344.680851	0.391888
345.212766	0.391049
345.744681	0.390210
346.276596	0.388531
346.808511	0.387692
347.340426	0.386853
347.872340	0.386014
348.404255	0.385175
348.936170	0.383497
349.468085	0.382657
350.000000	0.381818
350.531915	0.380979
351.063830	0.380140
351.595745	0.379301
352.127660	0.378462
352.659574	0.377622
353.191489	0.376783
353.723404	0.375944
354.255319	0.375105
354.787234	0.374266
355.319149	0.373427
355.851064	0.372587
356.382979	0.371748
356.914894	0.370909
357.446809	0.370909
357.978723	0.370070
358.510638	0.369231
359.042553	0.369231
359.574468	0.368392
360.106383	0.368392
360.638298	0.367552
361.170213	0.367552
361.702128	0.367552
362.234043	0.366713
362.765957	0.366713
363.297872	0.366713
363.829787	0.366713
364.361702	0.366713
364.893617	0.367552
365.425532	0.367552
365.957447	0.367552
366.489362	0.368392
367.021277	0.369231
367.553191	0.369231
368.085106	0.370070
368.617021	0.370909
369.148936	0.371748
369.680851	0.373427
370.212766	0.374266
370.744681	0.375105
371.276596	0.376783
371.808511	0.377622
372.340426	0.379301
372.872340	0.380979
373.404255	0.381818
373.936170	0.383497
374.468085	0.385175
375.000000	0.386853
375.531915	0.388531
376.063830	0.391049
376.595745	0.392727
377.127660	0.394406
377.659574	0.396084
378.191489	0.397762
378.723404	0.399441
379.255319	0.401119
379.787234	0.402797
380.319149	0.405315
380.851064	0.406993
381.382979	0.408671
381.914894	0.410350
382.446809	0.412028
382.978723	0.413706
383.510638	0.415385
384.042553	0.417063
384.574468	0.418741
385.106383	0.420420
385.638298	0.422098
386.170213	0.423776
386.702128	0.425455
387.234043	0.427133
387.765957	0.428811
388.297872	0.429650
388.829787	0.431329
389.361702	0.432168
389.893617	0.433846
390.425532	0.434685
390.957447	0.435524
391.489362	0.437203
392.021277	0.438042
392.553191	0.438881
393.085106	0.439720
393.617021	0.440559
394.148936	0.441399
394.680851	0.442238
395.212766	0.443916
395.744681	0.444755
396.276596	0.444755
396.808511	0.445594
397.340426	0.446434
397.872340	0.447273
398.404255	0.448112
398.936170	0.448951
399.468085	0.449790
400.000000	0.450629
400.531915	0.451469
401.063830	0.452308
401.595745	0.452308
402.127660	0.452308
402.659574	0.453147
403.191489	0.453986
403.723404	0.453986
404.255319	0.454825
404.787234	0.455664
405.319149	0.455664
405.851064	0.456503
406.382979	0.456503
406.914894	0.457343
407.446809	0.458182
407.978723	0.458182
408.510638	0.459021
409.042553	0.459021
409.574468	0.459860
410.106383	0.459860
410.638298	0.460699
411.170213	0.460699
411.702128	0.461538
412.234043	0.461538
412.765957	0.462378
413.297872	0.462378
413.829787	0.463217
414.361702	0.463217
414.893617	0.463217
415.425532	0.464056
415.957447	0.464056
416.489362	0.464895
417.021277	0.464895
417.553191	0.465734
418.085106	0.465734
418.617021	0.465734
419.148936	0.466573
419.680851	0.466573
420.212766	0.466573
420.744681	0.467413
421.276596	0.467413
421.808511	0.468252
422.340426	0.468252
422.872340	0.469091
423.404255	0.469091
423.936170	0.469091
424.468085	0.469930
425.000000	0.469930
425.531915	0.469930
426.063830	0.470769
426.595745	0.470769
427.127660	0.471608
427.659574	0.471608
428.191489	0.471608
428.723404	0.472448
429.255319	0.472448
429.787234	0.473287
430.319149	0.473287
430.851064	0.474126
431.382979	0.474126
431.914894	0.474126
432.446809	0.474965
432.978723	0.474965
433.510638	0.475804
434.042553	0.475804
434.574468	0.475804
435.106383	0.476643
435.638298	0.477483
436.170213	0.477483
436.702128	0.478322
437.234043	0.478322
437.765957	0.479161
438.297872	0.479161
438.829787	0.480000
439.361702	0.480839
439.893617	0.480839
440.425532	0.481678
440.957447	0.481678
441.489362	0.482517
442.021277	0.483357
442.553191	0.483357
443.085106	0.484196
443.617021	0.484196
444.148936	0.485035
444.680851	0.485874
445.212766	0.485874
445.744681	0.486713
446.276596	0.487552
446.808511	0.487552
447.340426	0.488392
447.872340	0.489231
448.404255	0.490070
448.936170	0.490909
449.468085	0.490909
450.000000	0.491748
450.531915	0.492587
451.063830	0.493427
451.595745	0.493427
452.127660	0.494266
452.659574	0.495944
453.191489	0.496783
453.723404	0.497622
454.255319	0.498462
454.787234	0.500140
455.319149	0.500979
455.851064	0.501818
456.382979	0.502657
456.914894	0.503497
457.446809	0.505175
457.978723	0.505175
458.510638	0.506014
459.042553	0.506853
459.574468	0.506853
460.106383	0.507692
460.638298	0.508531
461.170213	0.509371
461.702128	0.509371
462.234043	0.510210
462.765957	0.511049
463.297872	0.511049
463.829787	0.511888
464.361702	0.511888
464.893617	0.512727
465.425532	0.512727
465.957447	0.512727
466.489362	0.513566
467.021277	0.513566
467.553191	0.513566
468.085106	0.514406
468.617021	0.514406
469.148936	0.514406
469.680851	0.515245
470.212766	0.515245
470.744681	0.515245
471.276596	0.515245
471.808511	0.515245
472.340426	0.515245
472.872340	0.516084
473.404255	0.516084
473.936170	0.516084
474.468085	0.516084
475.000000	0.516084
475.531915	0.516084
476.063830	0.516084
476.595745	0.516084
477.127660	0.516084
477.659574	0.516084
478.191489	0.516084
478.723404	0.516923
479.255319	0.516923
479.787234	0.516923
480.319149	0.516923
480.851064	0.516923
481.382979	0.516923
481.914894	0.516923
482.446809	0.516923
482.978723	0.516923
483.510638	0.516923
484.042553	0.517762
484.574468	0.517762
485.106383	0.517762
485.638298	0.517762
486.170213	0.517762
486.702128	0.517762
487.234043	0.517762
487.765957	0.518601
488.297872	0.518601
488.829787	0.518601
489.361702	0.518601
489.893617	0.518601
490.425532	0.518601
490.957447	0.518601
491.489362	0.518601
492.021277	0.518601
492.553191	0.518601
493.085106	0.518601
493.617021	0.519441
494.148936	0.519441
494.680851	0.519441
495.212766	0.519441
495.744681	0.519441
496.276596	0.519441
496.808511	0.520280
497.340426	0.520280
497.872340	0.520280
498.404255	0.520280
498.936170	0.520280
499.468085	0.520280
500.000000	0.521119
500.531915	0.521119
501.063830	0.521119
501.595745	0.521119
502.127660	0.521119
502.659574	0.521119
503.191489	0.521119
503.723404	0.521958
504.255319	0.521958
504.787234	0.521958
505.319149	0.521958
505.851064	0.521958
506.382979	0.521958
506.914894	0.521958
507.446809	0.521958
507.978723	0.521958
508.510638	0.521958
509.042553	0.522797
509.574468	0.522797
510.106383	0.522797
510.638298	0.522797
511.170213	0.522797
511.702128	0.522797
512.234043	0.522797
512.765957	0.522797
513.297872	0.522797
513.829787	0.522797
514.361702	0.523636
514.893617	0.523636
515.425532	0.523636
515.957447	0.523636
516.489362	0.523636
517.021277	0.523636
517.553191	0.523636
518.085106	0.523636
518.617021	0.523636
519.148936	0.523636
519.680851	0.523636
520.212766	0.522797
520.744681	0.522797
521.276596	0.522797
521.808511	0.522797
522.340426	0.521958
522.872340	0.521958
523.404255	0.521958
523.936170	0.521958
524.468085	0.521958
525.000000	0.521119
525.531915	0.521119
526.063830	0.520280
526.595745	0.520280
527.127660	0.519441
527.659574	0.519441
528.191489	0.519441
528.723404	0.518601
529.255319	0.518601
529.787234	0.518601
530.319149	0.517762
530.851064	0.517762
531.382979	0.516923
531.914894	0.516084
532.446809	0.516084
532.978723	0.516084
533.510638	0.515245
534.042553	0.515245
534.574468	0.514406
535.106383	0.514406
535.638298	0.513566
536.170213	0.513566
536.702128	0.512727
537.234043	0.512727
537.765957	0.511888
538.297872	0.511888
538.829787	0.511049
539.361702	0.511049
539.893617	0.510210
540.425532	0.510210
540.957447	0.509371
541.489362	0.509371
542.021277	0.508531
542.553191	0.508531
543.085106	0.507692
543.617021	0.507692
544.148936	0.506853
544.680851	0.506853
545.212766	0.506014
545.744681	0.506014
546.276596	0.505175
546.808511	0.505175
547.340426	0.505175
547.872340	0.504336
548.404255	0.503497
548.936170	0.503497
549.468085	0.502657
550.000000	0.502657
550.531915	0.501818
551.063830	0.500979
551.595745	0.500979
552.127660	0.500140
552.659574	0.500140
553.191489	0.499301
553.723404	0.499301
554.255319	0.498462
554.787234	0.498462
555.319149	0.497622
555.851064	0.496783
556.382979	0.496783
556.914894	0.495944
557.446809	0.495944
557.978723	0.495105
558.510638	0.495105
559.042553	0.494266
559.574468	0.494266
560.106383	0.493427
560.638298	0.493427
561.170213	0.492587
561.702128	0.491748
562.234043	0.491748
562.765957	0.490909
563.297872	0.490909
563.829787	0.490070
564.361702	0.490070
564.893617	0.489231
565.425532	0.488392
565.957447	0.488392
566.489362	0.487552
567.021277	0.487552
567.553191	0.486713
568.085106	0.486713
568.617021	0.485874
569.148936	0.485035
569.680851	0.485035
570.212766	0.484196
570.744681	0.484196
571.276596	0.483357
571.808511	0.482517
572.340426	0.482517
572.872340	0.481678
573.404255	0.480839
573.936170	0.480839
574.468085	0.480000
575.000000	0.479161
575.531915	0.479161
576.063830	0.478322
576.595745	0.477483
577.127660	0.477483
577.659574	0.476643
578.191489	0.475804
578.723404	0.474965
579.255319	0.474965
579.787234	0.474126
580.319149	0.473287
580.851064	0.473287
581.382979	0.472448
581.914894	0.472448
582.446809	0.471608
582.978723	0.470769
583.510638	0.469930
584.042553	0.469930
584.574468	0.469091
585.106383	0.468252
585.638298	0.468252
586.170213	0.467413
586.702128	0.466573
587.234043	0.466573
587.765957	0.465734
588.297872	0.464895
588.829787	0.464895
589.361702	0.464056
589.893617	0.463217
590.425532	0.463217
590.957447	0.462378
591.489362	0.461538
592.021277	0.460699
592.553191	0.460699
593.085106	0.459860
593.617021	0.459021
594.148936	0.459021
594.680851	0.458182
595.212766	0.457343
595.744681	0.457343
596.276596	0.456503
596.808511	0.455664
597.340426	0.455664
597.872340	0.454825
598.404255	0.453986
598.936170	0.453986
599.468085	0.453147
600.000000	0.452308
600.531915	0.451469
601.063830	0.451469
601.595745	0.450629
602.127660	0.449790
602.659574	0.449790
603.191489	0.448951
603.723404	0.448112
604.255319	0.448112
604.787234	0.447273
605.319149	0.446434
605.851064	0.446434
606.382979	0.445594
606.914894	0.444755
607.446809	0.443916
607.978723	0.443916
608.510638	0.443077
609.042553	0.442238
609.574468	0.442238
610.106383	0.441399
610.638298	0.440559
611.170213	0.440559
611.702128	0.439720
612.234043	0.438881
612.765957	0.438042
613.297872	0.438042
613.829787	0.437203
614.361702	0.436364
614.893617	0.436364
615.425532	0.435524
615.957447	0.434685
616.489362	0.434685
617.021277	0.433846
617.553191	0.433007
618.085106	0.432168
618.617021	0.432168
619.148936	0.431329
619.680851	0.430490
620.212766	0.430490
620.744681	0.429650
621.276596	0.428811
621.808511	0.428811
622.340426	0.427972
622.872340	0.427133
623.404255	0.426294
623.936170	0.426294
624.468085	0.425455
625.000000	0.424615
625.531915	0.423776
626.063830	0.423776
626.595745	0.422937
627.127660	0.422098
627.659574	0.422098
628.191489	0.421259
628.723404	0.420420
629.255319	0.419580
629.787234	0.419580
630.319149	0.418741
630.851064	0.417902
631.382979	0.417063
631.914894	0.417063
632.446809	0.416224
632.978723	0.416224
633.510638	0.415385
634.042553	0.414545
634.574468	0.413706
635.106383	0.413706
635.638298	0.412867
636.170213	0.412028
636.702128	0.411189
637.234043	0.411189
637.765957	0.411189
638.297872	0.409510
638.829787	0.409510
639.361702	0.408671
639.893617	0.407832
640.425532	0.406993
640.957447	0.406993
641.489362	0.406154
642.021277	0.405315
642.553191	0.404476
643.085106	0.404476
643.617021	0.403636
644.148936	0.402797
644.680851	0.401958
645.212766	0.401958
645.744681	0.401119
646.276596	0.400280
646.808511	0.400280
647.340426	0.399441
647.872340	0.398601
648.404255	0.397762
648.936170	0.397762
649.468085	0.396923
650.000000	0.396084
650.531915	0.395245
651.063830	0.395245
651.595745	0.394406
652.127660	0.393566
652.659574	0.392727
653.191489	0.392727
653.723404	0.391888
654.255319	0.391049
654.787234	0.391049
655.319149	0.390210
655.851064	0.389371
656.382979	0.388531
656.914894	0.388531
657.446809	0.387692
657.978723	0.386853
658.510638	0.386014
659.042553	0.386014
659.574468	0.385175
660.106383	0.384336
660.638298	0.383497
661.170213	0.383497
661.702128	0.382657
662.234043	0.381818
662.765957	0.380979
663.297872	0.380979
663.829787	0.380140
664.361702	0.379301
664.893617	0.378462
665.425532	0.378462
665.957447	0.377622
666.489362	0.376783
667.021277	0.375944
667.553191	0.375944
668.085106	0.375105
668.617021	0.374266
669.148936	0.373427
669.680851	0.373427
670.212766	0.372587
670.744681	0.371748
671.276596	0.370909
671.808511	0.370070
672.340426	0.370070
672.872340	0.369231
673.404255	0.368392
673.936170	0.367552
674.468085	0.367552
675.000000	0.366713
675.531915	0.365874
676.063830	0.365035
676.595745	0.364196
677.127660	0.364196
677.659574	0.363357
678.191489	0.362517
678.723404	0.361678
679.255319	0.360839
679.787234	0.360839
680.319149	0.360839
680.851064	0.360000
681.382979	0.359161
681.914894	0.358322
682.446809	0.357483
682.978723	0.356643
683.510638	0.355804
684.042553	0.354965
684.574468	0.354965
685.106383	0.354126
685.638298	0.353287
686.170213	0.352448
686.702128	0.351608
687.234043	0.351608
687.765957	0.350769
688.297872	0.349930
688.829787	0.349091
689.361702	0.348252
689.893617	0.347413
690.425532	0.346573
690.957447	0.345734
691.489362	0.345734
692.021277	0.344895
692.553191	0.344056
693.085106	0.343217
693.617021	0.342378
694.148936	0.341538
694.680851	0.340699
695.212766	0.339860
695.744681	0.339021
696.276596	0.338182
696.808511	0.337343
697.340426	0.336503
697.872340	0.335664
698.404255	0.334825
698.936170	0.333986
699.468085	0.333147
700.000000	0.332308
700.531915	0.331469
701.063830	0.330629
701.595745	0.329790
702.127660	0.328951
702.659574	0.328112
703.191489	0.327273
703.723404	0.326434
704.255319	0.325594
704.787234	0.324755
705.319149	0.323916
705.851064	0.323077
706.382979	0.322238
706.914894	0.321399
707.446809	0.320559
707.978723	0.319720
708.510638	0.318881
709.042553	0.318881
709.574468	0.318042
710.106383	0.317203
710.638298	0.316364
711.170213	0.315524
711.702128	0.314685
712.234043	0.313846
712.765957	0.313007
713.297872	0.312168
713.829787	0.311329
714.361702	0.310490
714.893617	0.309650
715.425532	0.308811
715.957447	0.307972
716.489362	0.307133
717.021277	0.306294
717.553191	0.305455
718.085106	0.304615
718.617021	0.303776
719.148936	0.302937
719.680851	0.302098
720.212766	0.301259
720.744681	0.300420
721.276596	0.299580
721.808511	0.298741
722.340426	0.298741
722.872340	0.297902
723.404255	0.296224
723.936170	0.296224
724.468085	0.295385
725.000000	0.294545
725.531915	0.293706
726.063830	0.292867
726.595745	0.292028
727.127660	0.291189
727.659574	0.290350
728.191489	0.289510
728.723404	0.288671
729.255319	0.287832
729.787234	0.286993
730.319149	0.286154
730.851064	0.285315
731.382979	0.284476
731.914894	0.283636
732.446809	0.283636
732.978723	0.282797
733.510638	0.281119
734.042553	0.281119
734.574468	0.280280
735.106383	0.279441
735.638298	0.278601
736.170213	0.277762
736.702128	0.276923
737.234043	0.276084
737.765957	0.275245
738.297872	0.274406
738.829787	0.273566
739.361702	0.272727
739.893617	0.271888
740.425532	0.271888
740.957447	0.271049
741.489362	0.270210
742.021277	0.269371
742.553191	0.268531
743.085106	0.267692
743.617021	0.266853
744.148936	0.266014
744.680851	0.265175
745.212766	0.264336
745.744681	0.263497
746.276596	0.262657
746.808511	0.262657
747.340426	0.261818
747.872340	0.260979
748.404255	0.260140
748.936170	0.259301
749.468085	0.258462
750.000000	0.257622
750.531915	0.256783
751.063830	0.255944
751.595745	0.255105
752.127660	0.255105
752.659574	0.253427
753.191489	0.253427
753.723404	0.252587
754.255319	0.251748
754.787234	0.250909
755.319149	0.250070
755.851064	0.249231
756.382979	0.249231
756.914894	0.247552
757.446809	0.246713
757.978723	0.246713
758.510638	0.245035
759.042553	0.244196
759.574468	0.244196
760.106383	0.243357
760.638298	0.242517
761.170213	0.241678
761.702128	0.240839
762.234043	0.240000
762.765957	0.239161
763.297872	0.238322
763.829787	0.237483
764.361702	0.237483
764.893617	0.236643
765.425532	0.235804
765.957447	0.234965
766.489362	0.234126
767.021277	0.233287
767.553191	0.232448
768.085106	0.232448
768.617021	0.231608
769.148936	0.230769
769.680851	0.229930
770.212766	0.229091
770.744681	0.228252
771.276596	0.228252
771.808511	0.227413
772.340426	0.226573
772.872340	0.225734
773.404255	0.224895
773.936170	0.224056
774.468085	0.223217
775.000000	0.222378
775.531915	0.221538
776.063830	0.220699
776.595745	0.219860
777.127660	0.219021
777.659574	0.219021
778.191489	0.218182
778.723404	0.217343
779.255319	0.216503
779.787234	0.215664
780.319149	0.215664
780.851064	0.213986
781.382979	0.213147
781.914894	0.212308
782.446809	0.211469
782.978723	0.210629
783.510638	0.209790
784.042553	0.208951
784.574468	0.208112
785.106383	0.207273
785.638298	0.206434
786.170213	0.205594
786.702128	0.204755
787.234043	0.203916
787.765957	0.203916
788.297872	0.203077
788.829787	0.202238
789.361702	0.201399
789.893617	0.200559
790.425532	0.199720
790.957447	0.198881
791.489362	0.198042
792.021277	0.197203
792.553191	0.196364
793.085106	0.195524
793.617021	0.194685
794.148936	0.193846
794.680851	0.193007
795.212766	0.192168
795.744681	0.191329
796.276596	0.190490
796.808511	0.189650
797.340426	0.188811
797.872340	0.187972
798.404255	0.187972
798.936170	0.187133
799.468085	0.185455
800.000000	0.184615
800.531915	0.184615
801.063830	0.183776
801.595745	0.182937
802.127660	0.182098
802.659574	0.181259
803.191489	0.582378
803.723404	0.594965
804.255319	0.595804
804.787234	0.596643
805.319149	0.596643
805.851064	0.596643
806.382979	0.596643
806.914894	0.596643
807.446809	0.596643
807.978723	0.596643
808.510638	0.595804
809.042553	0.586573
809.574468	0.170350
810.106383	0.169510
810.638298	0.169510
811.170213	0.587413
811.702128	0.589930
812.234043	0.590769
812.765957	0.591608
813.297872	0.591608
813.829787	0.592448
814.361702	0.592448
814.893617	0.592448
815.425532	0.592448
815.957447	0.591608
816.489362	0.591608
817.021277	0.591608
817.553191	0.590769
818.085106	0.589091
818.617021	0.156923
819.148936	0.156084
819.680851	0.155245
820.212766	0.154406
820.744681	0.591608
821.276596	0.591608
821.808511	0.591608
822.340426	0.590769
822.872340	0.591608
823.404255	0.591608
823.936170	0.592448
824.468085	0.592448
825.000000	0.592448
825.531915	0.591608
826.063830	0.591608
826.595745	0.590769
827.127660	0.588252
827.659574	0.142657
828.191489	0.141818
828.723404	0.141818
829.255319	0.591608
829.787234	0.591608
830.319149	0.591608
830.851064	0.589091
831.382979	0.586573
831.914894	0.584056
832.446809	0.582378
832.978723	0.584056
833.510638	0.586573
834.042553	0.589091
834.574468	0.591608
835.106383	0.591608
835.638298	0.591608
836.170213	0.130070
836.702128	0.129231
837.234043	0.128392
837.765957	0.127552
838.297872	0.126713
838.829787	0.125874
839.361702	0.125035
839.893617	0.124196
840.425532	0.123357
840.957447	0.122517
841.489362	0.121678
842.021277	0.596643
842.553191	0.596643
843.085106	0.119161
843.617021	0.118322
844.148936	0.117483
844.680851	0.116643
845.212766	0.115804
845.744681	0.114965
846.276596	0.595804
846.808511	0.596643
847.340426	0.596643
847.872340	0.596643
848.404255	0.595804
848.936170	0.594965
849.468085	0.592448
850.000000	0.589930
850.531915	0.588252
851.063830	0.585734
851.595745	0.584056
852.127660	0.583217
852.659574	0.584895
853.191489	0.586573
853.723404	0.589091
854.255319	0.590769
854.787234	0.592448
855.319149	0.594965
855.851064	0.596643
856.382979	0.596643
856.914894	0.596643
857.446809	0.596643
857.978723	0.096503
858.510638	0.095664
859.042553	0.094825
859.574468	0.093986
860.106383	0.093147
860.638298	0.596643
861.170213	0.596643
861.702128	0.595804
862.234043	0.594965
862.765957	0.593287
863.297872	0.591608
863.829787	0.590769
864.361702	0.590769
864.893617	0.591608
865.425532	0.593287
865.957447	0.594965
866.489362	0.595804
867.021277	0.596643
867.553191	0.596643
868.085106	0.081399
868.617021	0.080559
869.148936	0.586573
869.680851	0.587413
870.212766	0.589091
870.744681	0.590769
871.276596	0.591608
871.808511	0.593287
872.340426	0.594965
872.872340	0.595804
873.404255	0.596643
873.936170	0.596643
874.468085	0.596643
875.000000	0.585734
875.531915	0.584895
876.063830	0.584895
876.595745	0.067972
877.127660	0.067133
877.659574	0.067133
878.191489	0.585734
878.723404	0.594965
879.255319	0.595804
879.787234	0.596643
880.319149	0.596643
880.851064	0.596643
881.382979	0.596643
881.914894	0.596643
882.446809	0.596643
882.978723	0.596643
883.510638	0.595804
884.042553	0.595804
884.574468	0.593287
885.106383	0.055385
885.638298	0.054545
886.170213	0.053706
886.702128	0.595804
887.234043	0.596643
887.765957	0.596643
888.297872	0.596643
888.829787	0.596643
889.361702	0.596643
889.893617	0.596643
890.425532	0.596643
890.957447	0.596643
891.489362	0.596643
892.021277	0.596643
892.553191	0.596643
893.085106	0.596643
893.617021	0.595804
894.148936	0.041119
894.680851	0.040280
895.212766	0.039441
895.744681	0.039441
896.276596	0.038601
896.808511	0.037762
897.340426	0.036923
897.872340	0.036084
898.404255	0.035245
898.936170	0.034406
899.468085	0.034406
900.000000	0.590769
900.531915	0.591608
901.063830	0.591608
901.595745	0.591608
902.127660	0.592448
902.659574	0.592448
903.191489	0.592448
903.723404	0.591608
904.255319	0.591608
904.787234	0.591608
905.319149	0.589930
905.851064	0.026014
906.382979	0.025175
906.914894	0.025175
907.446809	0.024336
907.978723	0.023497
908.510638	0.597483
909.042553	0.597483
909.574468	0.591608
910.106383	0.590769
910.638298	0.591608
911.170213	0.591608
911.702128	0.592448
912.234043	0.592448
912.765957	0.592448
913.297872	0.591608
913.829787	0.591608
914.361702	0.590769
914.893617	0.588252
915.425532	0.015105
915.957447	0.014266
916.489362	0.013427
917.021277	0.589091
917.553191	0.590769
918.085106	0.591608
918.617021	0.591608
919.148936	0.592448
919.680851	0.592448
920.212766	0.592448
920.744681	0.591608
921.276596	0.591608
921.808511	0.584056
922.340426	0.006713
922.872340	0.005874
923.404255	0.005874
923.936170	0.589091
924.468085	0.590769
925.000000	0.590769
925.531915	0.591608
926.063830	0.591608
926.595745	0.592448
927.127660	0.592448
927.659574	0.592448
928.191489	0.592448
928.723404	0.591608
929.255319	0.591608
929.787234	0.590769
930.319149	0.589930
930.851064	0.588252
931.382979	0.000000
931.914894	0.000000
932.446809	0.000000
932.978723	0.000000
933.510638	0.597483
934.042553	0.597483
934.574468	0.000000
935.106383	0.000000
935.638298	0.000000
936.170213	0.000000
936.702128	0.000000
937.234043	0.000000
937.765957	0.591608
938.297872	0.591608
938.829787	0.582378
939.361702	0.581538
939.893617	0.580699
940.425532	0.580699
940.957447	0.581538
941.489362	0.581538
942.021277	0.582378
942.553191	0.591608
943.085106	0.591608
943.617021	0.591608
944.148936	0.000000
944.680851	0.000000
945.212766	0.591608
945.744681	0.591608
946.276596	0.592448
946.808511	0.594965
947.340426	0.594965
947.872340	0.592448
948.404255	0.591608
948.936170	0.591608
949.468085	0.591608
950.000000	0.000000
950.531915	0.000000
951.063830	0.000000
951.595745	0.588252
952.127660	0.589930
952.659574	0.590769
953.191489	0.591608
953.723404	0.591608
954.255319	0.592448
954.787234	0.592448
955.319149	0.592448
955.851064	0.592448
956.382979	0.591608
956.914894	0.591608
957.446809	0.590769
957.978723	0.589091
958.510638	0.000000
959.042553	0.000000
959.574468	0.000000
960.106383	0.000000
960.638298	0.000000
961.170213	0.000000
961.702128	0.000000
962.234043	0.000000
962.765957	0.000000
963.297872	0.000000
963.829787	0.000000
964.361702	0.592448
964.893617	0.594126
965.425532	0.594965
965.957447	0.595804
966.489362	0.595804
967.021277	0.596643
967.553191	0.596643
968.085106	0.596643
968.617021	0.596643
969.148936	0.596643
969.680851	0.596643
970.212766	0.596643
970.744681	0.596643
971.276596	0.595804
971.808511	0.594965
972.340426	0.594126
972.872340	0.593287
973.404255	0.588252
973.936170	0.579021
974.468085	0.579021
975.000000	0.000000
975.531915	0.000000
976.063830	0.000000
976.595745	0.595804
977.127660	0.596643
977.659574	0.596643
978.191489	0.596643
978.723404	0.596643
979.255319	0.596643
979.787234	0.596643
980.319149	0.596643
980.851064	0.596643
981.382979	0.596643
981.914894	0.596643
982.446809	0.000000
982.978723	0.000000
983.510638	0.000000
984.042553	0.000000
984.574468	0.000000
985.106383	0.000000
985.638298	0.000000
986.170213	0.000000
986.702128	0.000000
987.234043	0.000000
987.765957	0.000000
988.297872	0.588252
988.829787	0.593287
989.361702	0.595804
989.893617	0.597483
990.425532	0.598322
990.957447	0.598322
991.489362	0.000000
992.021277	0.000000
992.553191	0.000000
993.085106	0.000000
993.617021	0.000000
994.148936	0.591608
994.680851	0.591608
995.212766	0.590769
995.744681	0.590769
996.276596	0.591608
996.808511	0.591608
997.340426	0.592448
997.872340	0.592448
998.404255	0.592448
998.936170	0.591608
999.468085	0.591608
1000.000000	0.589930
